{"guid":{"value":"0ebfe624699cc502-43c97578a2ad6ab5"},"aspectRatio":1,"isometricAngle":0,"rotation":{"x":0,"y":0,"z":0},"center":{"x":0,"y":0,"z":0},"unclampedSize":{"x":100,"y":100},"nodeSize":5,"collision":{"type":"Capsule","diameter":4,"height":2,"collisionOffset":0,"rayDirection":"Both","mask":{"value":0},"heightMask":{"value":-1},"fromHeight":100,"thickRaycast":true,"thickRaycastDiameter":1,"up":{"x":0,"y":1,"z":0},"collisionCheck":true,"heightCheck":true,"unwalkableWhenNoGround":true,"use2D":false},"maxClimb":0.4,"maxClimbAxis":1,"maxSlope":90,"erodeIterations":0,"erosionUseTags":false,"erosionFirstTag":1,"autoLinkGrids":false,"autoLinkDistLimit":10,"neighbours":"Eight","cutCorners":true,"penaltyPositionOffset":0,"penaltyPosition":false,"penaltyPositionFactor":1,"penaltyAngle":false,"penaltyAngleFactor":100,"initialPenalty":0,"open":true,"name":"Grid Graph","drawGizmos":true,"infoScreenOpen":false,"matrix":{"values":[4.99999952,0,0,0,0,1,0,0,0,0,4.99999952,0,-49.9999962,0,-49.9999962,1]}}